file_name,class_name,package_component,detail
it.uiv.uivotp-2.apk,classes.dex,compiler,['r8 without marker (suspicious)']
com.mobilians.motp-51.apk,classes.dex,anti_debug,['Debug.isDebuggerConnected() check']
com.mobilians.motp-51.apk,classes.dex,anti_vm,"['Build.MODEL check', 'Build.MANUFACTURER check', 'Build.PRODUCT check', 'possible Build.SERIAL check', 'Build.TAGS check']"
com.mobilians.motp-51.apk,classes.dex,compiler,['unknown (please file detection issue!)']
com.vivokey.vivoauth-19902.apk,classes.dex,compiler,['dx']
jp.co.nttdata.onetimepassworda-9.apk,classes.dex,anti_vm,"['Build.MODEL check', 'possible Build.SERIAL check']"
jp.co.nttdata.onetimepassworda-9.apk,classes.dex,compiler,['r8']
jp.co.nttdata.onetimepassworda-9.apk,res/raw/jcmandroidfips.raw!classes.dex,compiler,['dx']
com.andxor.mobile.jsotp.piteco-20100.apk,classes.dex,anti_vm,"['Build.FINGERPRINT check', 'Build.MODEL check', 'Build.MANUFACTURER check', 'Build.PRODUCT check', 'Build.BOARD check', 'possible Build.SERIAL check']"
com.andxor.mobile.jsotp.piteco-20100.apk,classes.dex,anti_debug,['Debug.isDebuggerConnected() check']
com.andxor.mobile.jsotp.piteco-20100.apk,classes.dex,compiler,['dx (possible dexmerge)']
com.andxor.mobile.jsotp.piteco-20100.apk,classes.dex,manipulator,['dexmerge']
com.mts.opt2-1.apk,classes.dex,compiler,['r8']
oracle.idm.mobile.authenticator-30.apk,classes.dex,anti_vm,['network operator name check']
oracle.idm.mobile.authenticator-30.apk,classes.dex,compiler,['unknown (please file detection issue!)']
wibmo.com.wibmoAuthApp-25.apk,classes.dex,anti_debug,['Debug.isDebuggerConnected() check']
wibmo.com.wibmoAuthApp-25.apk,classes.dex,anti_vm,"['Build.MODEL check', 'Build.MANUFACTURER check', 'Build.PRODUCT check', 'possible Build.SERIAL check', 'Build.TAGS check', 'SIM operator check', 'network operator name check', 'possible ro.secure check', 'possible VM check']"
wibmo.com.wibmoAuthApp-25.apk,classes.dex,compiler,['dx']
com.forgerock.authenticator-132.apk,classes.dex,compiler,['r8']
com.forgerock.authenticator-132.apk,classes2.dex,compiler,['r8 without marker (suspicious)']
com.stove.otp.google.android-21.apk,classes.dex,anti_vm,"['Build.FINGERPRINT check', 'Build.MODEL check', 'Build.MANUFACTURER check', 'Build.PRODUCT check', 'network operator name check']"
com.stove.otp.google.android-21.apk,classes.dex,compiler,['r8']
com.stove.otp.google.android-21.apk,classes2.dex,compiler,['r8 without marker (suspicious)']
com.ocb.iotp-18.apk,/home/budi/.MobSF/uploads/4455c1d2384aa9b524d9fa2baf65470b/4455c1d2384aa9b524d9fa2baf65470b.apk,obfuscator,['Obfuscator-LLVM version 3.5']
com.ocb.iotp-18.apk,lib/armeabi-v7a/libpcdjcjjneceh.so,obfuscator,['Obfuscator-LLVM version 3.5']
com.ocb.iotp-18.apk,lib/arm64-v8a/libpcdjcjjneceh.so,obfuscator,['Obfuscator-LLVM version 3.5']
com.ocb.iotp-18.apk,lib/x86/libpcdjcjjneceh.so,obfuscator,['Obfuscator-LLVM version 3.5']
com.ocb.iotp-18.apk,lib/x86_64/libpcdjcjjneceh.so,obfuscator,['Obfuscator-LLVM version 3.5']
com.ocb.iotp-18.apk,classes.dex,anti_vm,"['Build.FINGERPRINT check', 'Build.MODEL check', 'Build.MANUFACTURER check', 'Build.PRODUCT check', 'possible Build.SERIAL check', 'possible VM check']"
com.ocb.iotp-18.apk,classes.dex,anti_debug,['Debug.isDebuggerConnected() check']
com.ocb.iotp-18.apk,classes.dex,compiler,['dexlib 2.x']
com.ocb.iotp-18.apk,classes.dex,obfuscator,"['unreadable field names', 'unreadable method names']"
com.ocb.iotp-18.apk,classes2.dex,anti_vm,"['possible Build.SERIAL check', 'Build.TAGS check', 'possible VM check']"
com.ocb.iotp-18.apk,classes2.dex,compiler,['dexlib 2.x']
com.mds.canarabankapp-6.apk,classes.dex,anti_vm,['Build.TAGS check']
com.mds.canarabankapp-6.apk,classes.dex,compiler,['r8']
com.kmcert.myotp-91.apk,classes.dex,anti_vm,"['Build.FINGERPRINT check', 'Build.MODEL check', 'Build.MANUFACTURER check', 'Build.PRODUCT check', 'possible Build.SERIAL check', 'possible VM check']"
com.kmcert.myotp-91.apk,classes.dex,compiler,['dx (possible dexmerge)']
com.kmcert.myotp-91.apk,classes.dex,manipulator,['dexmerge']
com.kmcert.myotp-91.apk,lib/arm64-v8a/libAppIron-jni_v2.9.1.so,anti_vm,['possible VM check']
com.kmcert.myotp-91.apk,lib/armeabi-v7a/libAppIron-jni_v2.9.1.so,anti_vm,['possible VM check']
com.kmcert.myotp-91.apk,lib/armeabi/libAppIron-jni_v2.9.1.so,anti_vm,['possible VM check']
com.kmcert.myotp-91.apk,lib/x86/libAppIron-jni_v2.9.1.so,anti_vm,['possible VM check']
com.kmcert.myotp-91.apk,lib/x86_64/libAppIron-jni_v2.9.1.so,anti_vm,['possible VM check']
cy.nbg.nbgcyotp-5.apk,classes.dex,anti_vm,"['Build.FINGERPRINT check', 'Build.MODEL check', 'Build.MANUFACTURER check', 'Build.PRODUCT check', 'Build.HARDWARE check', 'Build.TAGS check', 'possible ro.secure check']"
cy.nbg.nbgcyotp-5.apk,classes.dex,compiler,['r8']
club.nagavip.otp-3.apk,classes.dex,anti_vm,"['Build.FINGERPRINT check', 'Build.MODEL check', 'Build.MANUFACTURER check', 'Build.PRODUCT check', 'Build.HARDWARE check', 'Build.BOARD check', 'possible Build.SERIAL check', 'Build.TAGS check', 'network operator name check', 'possible VM check']"
club.nagavip.otp-3.apk,classes.dex,compiler,['r8']
com.ADIBSDIGIPASS-41802.apk,classes.dex,anti_vm,"['Build.FINGERPRINT check', 'Build.MODEL check', 'Build.MANUFACTURER check', 'Build.PRODUCT check', 'possible Build.SERIAL check']"
com.ADIBSDIGIPASS-41802.apk,classes.dex,compiler,['r8']
com.yubico.yubioath-20199.apk,classes.dex,compiler,['unknown (please file detection issue!)']
org.kamrul.android.myauth-2.apk,classes.dex,anti_vm,['Build.MANUFACTURER check']
org.kamrul.android.myauth-2.apk,classes.dex,compiler,['r8']
tdb.otp-4.apk,classes.dex,compiler,['r8 without marker (suspicious)']
com.GlowOTP-41705.apk,classes.dex,anti_vm,"['Build.MANUFACTURER check', 'possible Build.SERIAL check']"
com.GlowOTP-41705.apk,classes.dex,compiler,['r8 without marker (suspicious)']
com.sgn.secureguardotp-3.apk,classes.dex,compiler,['r8']
it.company.sielte-102.apk,classes.dex,anti_vm,"['Build.MANUFACTURER check', 'Build.HARDWARE check', 'possible VM check']"
it.company.sielte-102.apk,classes.dex,compiler,['r8']
com.arcot.otp1-53.apk,classes.dex,anti_vm,"['Build.FINGERPRINT check', 'Build.MODEL check', 'Build.MANUFACTURER check', 'Build.PRODUCT check', 'Build.BOARD check', 'possible VM check']"
com.arcot.otp1-53.apk,classes.dex,compiler,['dx']
sg.worktable.pingoauth-8.apk,classes.dex,anti_vm,"['Build.FINGERPRINT check', 'Build.MODEL check', 'Build.MANUFACTURER check', 'Build.PRODUCT check', 'Build.HARDWARE check', 'Build.TAGS check']"
sg.worktable.pingoauth-8.apk,classes.dex,anti_debug,['Debug.isDebuggerConnected() check']
sg.worktable.pingoauth-8.apk,classes.dex,compiler,['r8']
com.gemalto.idprove-14.apk,classes.dex,anti_vm,"['possible Build.SERIAL check', 'Build.TAGS check', 'subscriber ID check']"
com.gemalto.idprove-14.apk,classes.dex,compiler,['dx']
vn.mk.token.baseotp-52.apk,classes.dex,anti_debug,['Debug.isDebuggerConnected() check']
vn.mk.token.baseotp-52.apk,classes.dex,anti_vm,"['Build.MODEL check', 'Build.MANUFACTURER check', 'Build.PRODUCT check', 'Build.HARDWARE check', 'Build.TAGS check', 'possible ro.secure check']"
vn.mk.token.baseotp-52.apk,classes.dex,compiler,['r8']
com.zenithbank.zenithetoken-7.apk,classes.dex,anti_vm,['Build.FINGERPRINT check']
com.zenithbank.zenithetoken-7.apk,classes.dex,compiler,['unknown (please file detection issue!)']
com.net2recharge.otp-3.apk,classes.dex,compiler,['r8']
com.novoload.otp-2.apk,classes.dex,anti_debug,['Debug.isDebuggerConnected() check']
com.novoload.otp-2.apk,classes.dex,anti_vm,"['Build.MODEL check', 'Build.MANUFACTURER check', 'Build.PRODUCT check', 'Build.TAGS check']"
com.novoload.otp-2.apk,classes.dex,compiler,['r8 without marker (suspicious)']
com.aircuve.aircuvemobile-50.apk,classes.dex,anti_disassembly,['illegal class name']
com.aircuve.aircuvemobile-50.apk,classes.dex,anti_vm,"['possible Build.SERIAL check', 'Build.TAGS check', 'possible ro.secure check']"
com.aircuve.aircuvemobile-50.apk,classes.dex,compiler,['r8 without marker (suspicious)']
com.aircuve.aircuvemobile-50.apk,classes.dex,obfuscator,['DexGuard']
com.pentasecurity.isignplus.mobileotp-11.apk,classes.dex,anti_vm,['Build.MANUFACTURER check']
com.pentasecurity.isignplus.mobileotp-11.apk,classes.dex,compiler,['r8']
ar.gob.afip.mobile.android.internal.seginfo-34.apk,classes.dex,anti_vm,"['Build.FINGERPRINT check', 'Build.MODEL check', 'Build.MANUFACTURER check', 'Build.PRODUCT check', 'Build.TAGS check', 'possible VM check']"
ar.gob.afip.mobile.android.internal.seginfo-34.apk,classes.dex,anti_debug,['Debug.isDebuggerConnected() check']
ar.gob.afip.mobile.android.internal.seginfo-34.apk,classes.dex,compiler,['r8']
two.factor.secure.otp.authentication-1.apk,classes.dex,anti_vm,"['Build.FINGERPRINT check', 'Build.MODEL check', 'Build.MANUFACTURER check', 'Build.PRODUCT check', 'Build.BOARD check', 'possible VM check']"
two.factor.secure.otp.authentication-1.apk,classes.dex,compiler,['r8']
two.factor.secure.otp.authentication-1.apk,classes2.dex,compiler,['r8 without marker (suspicious)']
com.goldtime.authy-9.apk,classes.dex,anti_vm,"['Build.FINGERPRINT check', 'Build.MANUFACTURER check', 'possible Build.SERIAL check']"
com.goldtime.authy-9.apk,classes.dex,compiler,['unknown (please file detection issue!)']
org.fedorahosted.freeotp-17.apk,classes.dex,compiler,['dx (possible dexmerge)']
org.fedorahosted.freeotp-17.apk,classes.dex,manipulator,['dexmerge']
com.beemdevelopment.aegis-45.apk,classes.dex,anti_vm,"['Build.FINGERPRINT check', 'Build.MANUFACTURER check']"
com.beemdevelopment.aegis-45.apk,classes.dex,compiler,['r8']
com.beemdevelopment.aegis-45.apk,classes2.dex,compiler,['r8']
com.inwebo.authenticator-54.apk,classes.dex,anti_vm,['Build.MANUFACTURER check']
com.inwebo.authenticator-54.apk,classes.dex,compiler,['dx']
com.trumotp.club-4.apk,classes.dex,anti_vm,"['Build.FINGERPRINT check', 'Build.MODEL check', 'Build.MANUFACTURER check', 'Build.PRODUCT check', 'Build.BOARD check', 'possible Build.SERIAL check', 'network operator name check', 'possible VM check']"
com.trumotp.club-4.apk,classes.dex,compiler,['dx (possible dexmerge)']
com.trumotp.club-4.apk,classes.dex,manipulator,['dexmerge']
com.lenovo.otp-25.apk,classes.dex,compiler,['unknown (please file detection issue!)']
hr.asseco.android.intesa.isbd.alex-672.apk,classes2.dex,anti_vm,"['Build.FINGERPRINT check', 'Build.MODEL check', 'Build.MANUFACTURER check', 'Build.PRODUCT check', 'Build.TAGS check']"
hr.asseco.android.intesa.isbd.alex-672.apk,classes2.dex,anti_debug,['Debug.isDebuggerConnected() check']
hr.asseco.android.intesa.isbd.alex-672.apk,classes2.dex,compiler,['r8']
hr.asseco.android.intesa.isbd.alex-672.apk,classes3.dex,anti_vm,"['Build.MANUFACTURER check', 'Build.HARDWARE check']"
hr.asseco.android.intesa.isbd.alex-672.apk,classes3.dex,compiler,['r8']
hr.asseco.android.intesa.isbd.alex-672.apk,classes.dex,anti_vm,"['Build.FINGERPRINT check', 'Build.MODEL check', 'Build.MANUFACTURER check', 'Build.HARDWARE check', 'Build.TAGS check', 'SIM operator check', 'ro.kernel.qemu check', 'possible VM check']"
hr.asseco.android.intesa.isbd.alex-672.apk,classes.dex,compiler,['r8']
vn.com.eximbank.softotp-18.apk,classes.dex,anti_vm,"['Build.FINGERPRINT check', 'Build.MODEL check', 'Build.MANUFACTURER check', 'Build.PRODUCT check', 'possible Build.SERIAL check', 'Build.TAGS check']"
vn.com.eximbank.softotp-18.apk,classes.dex,compiler,['r8']
vn.com.eximbank.softotp-18.apk,classes2.dex,anti_vm,"['Build.FINGERPRINT check', 'Build.MANUFACTURER check', 'Build.BOARD check', 'Build.TAGS check', 'possible ro.secure check']"
vn.com.eximbank.softotp-18.apk,classes2.dex,compiler,['r8 without marker (suspicious)']
eu.sebbe.www.qrsa-5.apk,classes.dex,compiler,['dx']
net.secuwiz.prudentialotp-1.apk,classes.dex,compiler,['r8 without marker (suspicious)']
com.sgn.sgotp.lotte-3.apk,classes.dex,compiler,['dx (possible dexmerge)']
com.sgn.sgotp.lotte-3.apk,classes.dex,manipulator,['dexmerge']
netinfo.eu.symantec-4.apk,classes.dex,anti_vm,"['Build.FINGERPRINT check', 'Build.MODEL check', 'Build.MANUFACTURER check', 'Build.PRODUCT check', 'Build.HARDWARE check', 'possible Build.SERIAL check', 'Build.TAGS check', 'network operator name check', 'ro.hardware check', 'ro.kernel.qemu check', 'possible ro.secure check', 'possible VM check']"
netinfo.eu.symantec-4.apk,classes.dex,anti_debug,['Debug.isDebuggerConnected() check']
netinfo.eu.symantec-4.apk,classes.dex,compiler,['r8 without marker (suspicious)']
netinfo.eu.symantec-4.apk,classes2.dex,compiler,['r8 without marker (suspicious)']
com.halcom.ng.mobile.puppaltr-13.apk,classes.dex,anti_vm,"['Build.FINGERPRINT check', 'Build.MODEL check', 'Build.MANUFACTURER check', 'Build.PRODUCT check', 'Build.BOARD check', 'possible Build.SERIAL check']"
com.halcom.ng.mobile.puppaltr-13.apk,classes.dex,anti_debug,['Debug.isDebuggerConnected() check']
com.halcom.ng.mobile.puppaltr-13.apk,classes.dex,compiler,['dx']
com.halcom.ng.mobile.puppaltr-13.apk,classes.dex,obfuscator,['DexGuard']
com.halcom.ng.mobile.puppaltr-13.apk,classes2.dex,anti_vm,['Build.FINGERPRINT check']
com.halcom.ng.mobile.puppaltr-13.apk,classes2.dex,anti_debug,['Debug.isDebuggerConnected() check']
com.halcom.ng.mobile.puppaltr-13.apk,classes2.dex,compiler,['dx']
com.yubico.yubiclip-10300.apk,classes.dex,compiler,['r8 without marker (suspicious)']
com.dreammirae.anyauth.android-13.apk,classes.dex,anti_vm,"['Build.FINGERPRINT check', 'Build.MODEL check', 'Build.MANUFACTURER check', 'Build.PRODUCT check', 'Build.TAGS check', 'possible ro.secure check']"
com.dreammirae.anyauth.android-13.apk,classes.dex,anti_debug,['Debug.isDebuggerConnected() check']
com.dreammirae.anyauth.android-13.apk,classes.dex,compiler,['r8']
com.FAISATOKEN-41802.apk,classes.dex,anti_vm,"['Build.FINGERPRINT check', 'Build.MODEL check', 'Build.MANUFACTURER check', 'Build.PRODUCT check', 'possible Build.SERIAL check']"
com.FAISATOKEN-41802.apk,classes.dex,compiler,['r8']
me.jmh.authenticatorpro-100000057.apk,classes.dex,anti_vm,"['Build.FINGERPRINT check', 'Build.MANUFACTURER check', 'Build.HARDWARE check', 'possible VM check']"
me.jmh.authenticatorpro-100000057.apk,classes.dex,compiler,['unknown (please file detection issue!)']
at.tugraz.iaik.signapp-10200.apk,classes.dex,anti_vm,"['Build.FINGERPRINT check', 'Build.MODEL check', 'Build.MANUFACTURER check', 'Build.PRODUCT check', 'possible Build.SERIAL check']"
at.tugraz.iaik.signapp-10200.apk,classes.dex,anti_debug,['Debug.isDebuggerConnected() check']
at.tugraz.iaik.signapp-10200.apk,classes.dex,compiler,['r8']
com.entrust.identityGuard.mobile-108.apk,classes.dex,anti_vm,"['Build.FINGERPRINT check', 'Build.MODEL check', 'Build.MANUFACTURER check', 'Build.PRODUCT check', 'Build.BOARD check', 'possible Build.SERIAL check', 'Build.TAGS check', 'possible ro.secure check']"
com.entrust.identityGuard.mobile-108.apk,classes.dex,compiler,['r8']
com.gstotpauthenticator-11.apk,classes.dex,anti_vm,"['Build.FINGERPRINT check', 'Build.MODEL check', 'Build.MANUFACTURER check', 'Build.PRODUCT check', 'Build.TAGS check', 'possible VM check']"
com.gstotpauthenticator-11.apk,classes.dex,anti_debug,['Debug.isDebuggerConnected() check']
com.gstotpauthenticator-11.apk,classes.dex,compiler,['r8']
hr.asseco.android.mtoken.ht.test-4.apk,classes.dex,compiler,['dx']
ngn.com.vn.totp-1.apk,classes.dex,compiler,['dx (possible dexmerge)']
ngn.com.vn.totp-1.apk,classes.dex,manipulator,['dexmerge']
com.dxc.ipwr-3.apk,classes.dex,compiler,['dx']
com.systemat.SeeZam_OTP-14.apk,classes.dex,anti_vm,"['Build.FINGERPRINT check', 'Build.MODEL check', 'Build.MANUFACTURER check', 'Build.PRODUCT check', 'Build.TAGS check', 'possible VM check']"
com.systemat.SeeZam_OTP-14.apk,classes.dex,anti_debug,['Debug.isDebuggerConnected() check']
com.systemat.SeeZam_OTP-14.apk,classes.dex,compiler,['r8']
com.authy.authy-121.apk,classes.dex,anti_vm,"['Build.FINGERPRINT check', 'Build.MANUFACTURER check', 'possible VM check']"
com.authy.authy-121.apk,classes.dex,compiler,['r8']
com.authy.authy-121.apk,classes2.dex,anti_vm,"['Build.FINGERPRINT check', 'Build.MODEL check', 'Build.MANUFACTURER check', 'Build.PRODUCT check', 'possible Build.SERIAL check', 'Build.TAGS check', 'possible VM check']"
com.authy.authy-121.apk,classes2.dex,anti_debug,['Debug.isDebuggerConnected() check']
com.authy.authy-121.apk,classes2.dex,compiler,['r8 without marker (suspicious)']
teakwang.tsis.motp-24.apk,classes.dex,anti_vm,"['Build.TAGS check', 'possible ro.secure check']"
teakwang.tsis.motp-24.apk,classes.dex,compiler,['dx']
com.protectimus.totpburner.nfc-20.apk,classes.dex,anti_vm,['Build.MANUFACTURER check']
com.protectimus.totpburner.nfc-20.apk,classes.dex,compiler,['r8']
com.protectimus.totpburner.nfc-20.apk,classes2.dex,anti_vm,"['Build.FINGERPRINT check', 'Build.MODEL check', 'Build.MANUFACTURER check', 'Build.PRODUCT check', 'network operator name check']"
com.protectimus.totpburner.nfc-20.apk,classes2.dex,compiler,['r8 without marker (suspicious)']
it.aruba.pec.mobile.otp-512.apk,classes.dex,anti_vm,"['Build.FINGERPRINT check', 'Build.MODEL check', 'Build.MANUFACTURER check', 'Build.PRODUCT check', 'Build.HARDWARE check', 'Build.TAGS check']"
it.aruba.pec.mobile.otp-512.apk,classes.dex,anti_debug,['Debug.isDebuggerConnected() check']
it.aruba.pec.mobile.otp-512.apk,classes.dex,compiler,['r8']
com.protectimus.android-11.apk,classes.dex,compiler,['r8 without marker (suspicious)']
com.protectimus.android-11.apk,res/raw/android_wear_micro_apk.apk!classes.dex,anti_vm,['Build.FINGERPRINT check']
com.protectimus.android-11.apk,res/raw/android_wear_micro_apk.apk!classes.dex,anti_debug,['Debug.isDebuggerConnected() check']
com.protectimus.android-11.apk,res/raw/android_wear_micro_apk.apk!classes.dex,compiler,['r8 without marker (suspicious)']
com.vpbank.vpbanksmartotp-10.apk,classes.dex,anti_debug,['Debug.isDebuggerConnected() check']
com.vpbank.vpbanksmartotp-10.apk,classes.dex,anti_vm,"['Build.MODEL check', 'Build.MANUFACTURER check', 'Build.PRODUCT check', 'Build.HARDWARE check', 'Build.TAGS check', 'possible ro.secure check']"
com.vpbank.vpbanksmartotp-10.apk,classes.dex,compiler,['r8']
br.com.powersoftware.otpsafe-4.apk,classes.dex,anti_vm,"['Build.FINGERPRINT check', 'Build.MODEL check', 'Build.MANUFACTURER check', 'Build.PRODUCT check', 'Build.BOARD check', 'possible Build.SERIAL check']"
br.com.powersoftware.otpsafe-4.apk,classes.dex,anti_debug,['Debug.isDebuggerConnected() check']
br.com.powersoftware.otpsafe-4.apk,classes.dex,compiler,['r8']
com.atsolution.android.uotp2-12.apk,classes.dex,compiler,['unknown (please file detection issue!)']
org.shadowice.flocke.andotp-35.apk,classes.dex,anti_vm,"['Build.FINGERPRINT check', 'Build.MANUFACTURER check', 'Build.BOARD check']"
org.shadowice.flocke.andotp-35.apk,classes.dex,compiler,['r8']
org.shadowice.flocke.andotp-35.apk,classes2.dex,compiler,['r8']
com.aircuve.motpkey_miraeasset-21.apk,classes.dex,compiler,['dx']
com.ws.a.otp-1.apk,classes.dex,compiler,['dx (possible dexmerge)']
com.ws.a.otp-1.apk,classes.dex,manipulator,['dexmerge']
com.changingtec.motp.pro-108.apk,classes.dex,anti_vm,"['Build.FINGERPRINT check', 'Build.MODEL check', 'Build.MANUFACTURER check', 'Build.PRODUCT check', 'Build.BOARD check', 'Build.TAGS check']"
com.changingtec.motp.pro-108.apk,classes.dex,anti_debug,['Debug.isDebuggerConnected() check']
com.changingtec.motp.pro-108.apk,classes.dex,compiler,['unknown (please file detection issue!)']
com.pacifico.pacificid-13.apk,classes.dex,anti_vm,"['Build.FINGERPRINT check', 'Build.MODEL check', 'Build.MANUFACTURER check', 'Build.BRAND check', 'Build.DEVICE check', 'Build.PRODUCT check', 'Build.BOARD check', 'possible Build.SERIAL check', 'Build.TAGS check', 'network operator name check']"
com.pacifico.pacificid-13.apk,classes.dex,compiler,['r8 without marker (suspicious)']
com.pacifico.pacificid-13.apk,classes2.dex,anti_vm,"['Build.MODEL check', 'Build.MANUFACTURER check', 'Build.PRODUCT check', 'Build.BOARD check', 'possible Build.SERIAL check', 'Build.TAGS check']"
com.pacifico.pacificid-13.apk,classes2.dex,compiler,['r8 without marker (suspicious)']
com.BANKABC-41900.apk,classes.dex,anti_vm,"['Build.FINGERPRINT check', 'Build.MODEL check', 'Build.MANUFACTURER check', 'Build.PRODUCT check', 'possible Build.SERIAL check']"
com.BANKABC-41900.apk,classes.dex,compiler,['r8']
com.hidglobal.ia.token.generic-4035.apk,classes.dex,compiler,['dexlib 2.x']
eu.netinfo.netteller.cqur.motp-2.apk,classes.dex,anti_vm,"['Build.FINGERPRINT check', 'Build.MODEL check', 'Build.MANUFACTURER check', 'Build.PRODUCT check', 'Build.HARDWARE check', 'Build.TAGS check', 'possible ro.secure check']"
eu.netinfo.netteller.cqur.motp-2.apk,classes.dex,anti_debug,['Debug.isDebuggerConnected() check']
eu.netinfo.netteller.cqur.motp-2.apk,classes.dex,compiler,['r8']
com.vn.vib.smeotp-4.apk,classes.dex,anti_vm,"['Build.FINGERPRINT check', 'Build.MODEL check', 'Build.MANUFACTURER check', 'Build.PRODUCT check', 'Build.HARDWARE check', 'possible Build.SERIAL check', 'Build.TAGS check']"
com.vn.vib.smeotp-4.apk,classes.dex,anti_debug,['Debug.isDebuggerConnected() check']
com.vn.vib.smeotp-4.apk,classes.dex,compiler,['unknown (please file detection issue!)']
vn.com.sacombank.msign-210201.apk,classes.dex,anti_vm,"['Build.FINGERPRINT check', 'Build.TAGS check']"
vn.com.sacombank.msign-210201.apk,classes.dex,compiler,['dx']
com.kiwoom.unitycert-3.apk,/home/budi/.MobSF/uploads/0ad2b8a5025cacaebd08508347b1b542/0ad2b8a5025cacaebd08508347b1b542.apk,packer,['AppSuit']
com.kiwoom.unitycert-3.apk,classes.dex,anti_vm,['possible VM check']
com.kiwoom.unitycert-3.apk,classes.dex,compiler,['dexlib 2.x']
com.kiwoom.unitycert-3.apk,classes.dex,obfuscator,"['AppSuit', 'unreadable field names', 'unreadable method names']"
com.kiwoom.unitycert-3.apk,lib/armeabi-v7a/libAppSuit.so,anti_vm,['emulator file check']
com.kiwoom.unitycert-3.apk,lib/arm64-v8a/libAppSuit.so,anti_vm,['emulator file check']
com.ezmcom.cimb.softtoken.ezidv4-21.apk,classes.dex,anti_disassembly,['illegal class name']
com.ezmcom.cimb.softtoken.ezidv4-21.apk,classes.dex,compiler,['dexlib 2.x']
com.ezmcom.cimb.softtoken.ezidv4-21.apk,classes.dex,obfuscator,['DexGuard']
com.feelanet.artstrongid.sec-9.apk,classes.dex,anti_vm,"['Build.FINGERPRINT check', 'Build.MODEL check', 'Build.MANUFACTURER check', 'Build.PRODUCT check', 'Build.HARDWARE check', 'Build.TAGS check', 'possible VM check']"
com.feelanet.artstrongid.sec-9.apk,classes.dex,anti_debug,['Debug.isDebuggerConnected() check']
com.feelanet.artstrongid.sec-9.apk,classes.dex,compiler,['r8']
com.securekiotp-3.apk,classes.dex,compiler,['dx (possible dexmerge)']
com.securekiotp-3.apk,classes.dex,manipulator,['dexmerge']
io.faceotp.faceotp-20201015.apk,assets/audience_network.dex,anti_debug,['Debug.isDebuggerConnected() check']
io.faceotp.faceotp-20201015.apk,assets/audience_network.dex,anti_vm,['possible Build.SERIAL check']
io.faceotp.faceotp-20201015.apk,assets/audience_network.dex,compiler,['unknown (please file detection issue!)']
io.faceotp.faceotp-20201015.apk,classes.dex,anti_vm,"['Build.FINGERPRINT check', 'Build.MODEL check', 'Build.MANUFACTURER check', 'Build.PRODUCT check', 'Build.HARDWARE check', 'Build.TAGS check']"
io.faceotp.faceotp-20201015.apk,classes.dex,compiler,['unknown (please file detection issue!)']
ru.yandex.key-270.apk,classes.dex,anti_vm,"['Build.FINGERPRINT check', 'Build.MANUFACTURER check', 'possible Build.SERIAL check', 'SIM operator check', 'network operator name check']"
ru.yandex.key-270.apk,classes.dex,compiler,['dx']
dev.cat.coffee.authenticator-11.apk,classes.dex,anti_vm,"['Build.FINGERPRINT check', 'Build.MANUFACTURER check', 'possible Build.SERIAL check']"
dev.cat.coffee.authenticator-11.apk,classes.dex,compiler,['r8']
dev.cat.coffee.authenticator-11.apk,classes2.dex,anti_vm,"['Build.FINGERPRINT check', 'Build.MODEL check', 'Build.MANUFACTURER check', 'Build.PRODUCT check']"
dev.cat.coffee.authenticator-11.apk,classes2.dex,compiler,['r8 without marker (suspicious)']
ro.len.mobile-60000.apk,classes.dex,anti_debug,['Debug.isDebuggerConnected() check']
ro.len.mobile-60000.apk,classes.dex,compiler,['dx (possible dexmerge)']
ro.len.mobile-60000.apk,classes.dex,manipulator,['dexmerge']
com.sgn.sgotp-19.apk,classes.dex,anti_vm,"['Build.MANUFACTURER check', 'network interface name check']"
com.sgn.sgotp-19.apk,classes.dex,compiler,['dx (possible dexmerge)']
com.sgn.sgotp-19.apk,classes.dex,manipulator,['dexmerge']
com.portwise.mid.clients.android-23.apk,classes.dex,compiler,['r8']
com.canopus.otpmacgenerator.finductive-1.apk,classes.dex,compiler,['dx']
com.canopus.otpmacgenerator.finductive-1.apk,classes10.dex,compiler,['dx']
com.canopus.otpmacgenerator.finductive-1.apk,classes11.dex,compiler,['dx']
com.canopus.otpmacgenerator.finductive-1.apk,classes12.dex,compiler,['dx']
com.canopus.otpmacgenerator.finductive-1.apk,classes13.dex,compiler,['dx']
com.canopus.otpmacgenerator.finductive-1.apk,classes14.dex,compiler,['dx']
com.canopus.otpmacgenerator.finductive-1.apk,classes15.dex,compiler,['dx']
com.canopus.otpmacgenerator.finductive-1.apk,classes16.dex,compiler,['dx']
com.canopus.otpmacgenerator.finductive-1.apk,classes17.dex,compiler,['dx']
com.canopus.otpmacgenerator.finductive-1.apk,classes18.dex,compiler,['dx']
com.canopus.otpmacgenerator.finductive-1.apk,classes19.dex,compiler,['dx']
com.canopus.otpmacgenerator.finductive-1.apk,classes2.dex,compiler,['dx']
com.canopus.otpmacgenerator.finductive-1.apk,classes20.dex,compiler,['dx']
com.canopus.otpmacgenerator.finductive-1.apk,classes21.dex,compiler,['dx']
com.canopus.otpmacgenerator.finductive-1.apk,classes22.dex,compiler,['dx']
com.canopus.otpmacgenerator.finductive-1.apk,classes23.dex,compiler,['dx']
com.canopus.otpmacgenerator.finductive-1.apk,classes24.dex,compiler,['dx']
com.canopus.otpmacgenerator.finductive-1.apk,classes25.dex,compiler,['dx']
com.canopus.otpmacgenerator.finductive-1.apk,classes26.dex,compiler,['dx']
com.canopus.otpmacgenerator.finductive-1.apk,classes27.dex,compiler,['dx']
com.canopus.otpmacgenerator.finductive-1.apk,classes28.dex,compiler,['dx']
com.canopus.otpmacgenerator.finductive-1.apk,classes29.dex,compiler,['dx']
com.canopus.otpmacgenerator.finductive-1.apk,classes3.dex,compiler,['dx']
com.canopus.otpmacgenerator.finductive-1.apk,classes30.dex,compiler,['dx']
com.canopus.otpmacgenerator.finductive-1.apk,classes31.dex,compiler,['dx']
com.canopus.otpmacgenerator.finductive-1.apk,classes32.dex,compiler,['dx']
com.canopus.otpmacgenerator.finductive-1.apk,classes33.dex,compiler,['dx']
com.canopus.otpmacgenerator.finductive-1.apk,classes34.dex,compiler,['dx']
com.canopus.otpmacgenerator.finductive-1.apk,classes35.dex,anti_vm,['possible VM check']
com.canopus.otpmacgenerator.finductive-1.apk,classes35.dex,compiler,['dx']
com.canopus.otpmacgenerator.finductive-1.apk,classes36.dex,compiler,['dx']
com.canopus.otpmacgenerator.finductive-1.apk,classes37.dex,compiler,['dx']
com.canopus.otpmacgenerator.finductive-1.apk,classes38.dex,compiler,['dx']
com.canopus.otpmacgenerator.finductive-1.apk,classes39.dex,compiler,['dx']
com.canopus.otpmacgenerator.finductive-1.apk,classes4.dex,compiler,['dx']
com.canopus.otpmacgenerator.finductive-1.apk,classes40.dex,compiler,['dx']
com.canopus.otpmacgenerator.finductive-1.apk,classes41.dex,compiler,['dx']
com.canopus.otpmacgenerator.finductive-1.apk,classes42.dex,compiler,['dx']
com.canopus.otpmacgenerator.finductive-1.apk,classes43.dex,compiler,['dx']
com.canopus.otpmacgenerator.finductive-1.apk,classes44.dex,compiler,['dx']
com.canopus.otpmacgenerator.finductive-1.apk,classes45.dex,compiler,['dx']
com.canopus.otpmacgenerator.finductive-1.apk,classes46.dex,compiler,['dx']
com.canopus.otpmacgenerator.finductive-1.apk,classes47.dex,compiler,['dx']
com.canopus.otpmacgenerator.finductive-1.apk,classes48.dex,compiler,['dx']
com.canopus.otpmacgenerator.finductive-1.apk,classes49.dex,compiler,['dx']
com.canopus.otpmacgenerator.finductive-1.apk,classes5.dex,compiler,['dx']
com.canopus.otpmacgenerator.finductive-1.apk,classes50.dex,compiler,['dx']
com.canopus.otpmacgenerator.finductive-1.apk,classes51.dex,compiler,['dx']
com.canopus.otpmacgenerator.finductive-1.apk,classes52.dex,compiler,['dx']
com.canopus.otpmacgenerator.finductive-1.apk,classes53.dex,compiler,['dx']
com.canopus.otpmacgenerator.finductive-1.apk,classes54.dex,compiler,['dx']
com.canopus.otpmacgenerator.finductive-1.apk,classes55.dex,compiler,['dx']
com.canopus.otpmacgenerator.finductive-1.apk,classes56.dex,compiler,['dx']
com.canopus.otpmacgenerator.finductive-1.apk,classes57.dex,anti_debug,['Debug.isDebuggerConnected() check']
com.canopus.otpmacgenerator.finductive-1.apk,classes57.dex,anti_vm,"['Build.MODEL check', 'Build.PRODUCT check', 'Build.TAGS check', 'possible VM check']"
com.canopus.otpmacgenerator.finductive-1.apk,classes57.dex,compiler,['dx']
com.canopus.otpmacgenerator.finductive-1.apk,classes58.dex,compiler,['dx']
com.canopus.otpmacgenerator.finductive-1.apk,classes59.dex,compiler,['dx']
com.canopus.otpmacgenerator.finductive-1.apk,classes6.dex,compiler,['dx']
com.canopus.otpmacgenerator.finductive-1.apk,classes60.dex,compiler,['dx']
com.canopus.otpmacgenerator.finductive-1.apk,classes61.dex,compiler,['dx']
com.canopus.otpmacgenerator.finductive-1.apk,classes7.dex,compiler,['dx']
com.canopus.otpmacgenerator.finductive-1.apk,classes8.dex,compiler,['dx']
com.canopus.otpmacgenerator.finductive-1.apk,classes9.dex,compiler,['dx']
vn.tpb.token.baseotp-19.apk,classes.dex,anti_debug,['Debug.isDebuggerConnected() check']
vn.tpb.token.baseotp-19.apk,classes.dex,anti_vm,"['Build.MODEL check', 'Build.MANUFACTURER check', 'Build.PRODUCT check', 'Build.HARDWARE check', 'Build.TAGS check', 'possible ro.secure check']"
vn.tpb.token.baseotp-19.apk,classes.dex,compiler,['r8']
com.jeptoken-25.apk,classes.dex,anti_vm,"['Build.FINGERPRINT check', 'Build.MANUFACTURER check']"
com.jeptoken-25.apk,classes.dex,compiler,['unknown (please file detection issue!)']
eu.netinfo.bcb.otp-4.apk,classes.dex,anti_vm,['Build.MANUFACTURER check']
eu.netinfo.bcb.otp-4.apk,classes.dex,compiler,['unknown (please file detection issue!)']
com.ca.sec.aa.authenticator-40.apk,classes.dex,anti_vm,"['Build.FINGERPRINT check', 'Build.MANUFACTURER check', 'Build.BOARD check']"
com.ca.sec.aa.authenticator-40.apk,classes.dex,compiler,['r8']
com.bncr.detectid_otp-7.apk,classes.dex,anti_debug,['Debug.isDebuggerConnected() check']
com.bncr.detectid_otp-7.apk,classes.dex,anti_vm,"['Build.MODEL check', 'Build.MANUFACTURER check', 'Build.PRODUCT check', 'Build.BOARD check', 'possible Build.SERIAL check', 'Build.TAGS check', 'possible VM check']"
com.bncr.detectid_otp-7.apk,classes.dex,compiler,['r8 without marker (suspicious)']
com.bncr.detectid_otp-7.apk,classes2.dex,anti_vm,['Build.MODEL check']
com.bncr.detectid_otp-7.apk,classes2.dex,compiler,['r8 without marker (suspicious)']
com.pozitron.qib-102.apk,/home/budi/.MobSF/uploads/2b8bfb1595fa2503026c1de19602d74c/2b8bfb1595fa2503026c1de19602d74c.apk,packer,['DexProtector']
com.pozitron.qib-102.apk,classes.dex,anti_vm,"['Build.FINGERPRINT check', 'possible Build.SERIAL check']"
com.pozitron.qib-102.apk,classes.dex,compiler,['dx']
com.pozitron.qib-102.apk,classes2.dex,anti_vm,"['Build.MANUFACTURER check', 'possible Build.SERIAL check']"
com.pozitron.qib-102.apk,classes2.dex,compiler,['dx']
com.pozitron.qib-102.apk,classes3.dex,anti_vm,['Build.MANUFACTURER check']
com.pozitron.qib-102.apk,classes3.dex,compiler,['dx']
com.pozitron.qib-102.apk,classes4.dex,compiler,['dx']
com.pozitron.qib-102.apk,classes5.dex,anti_vm,"['Build.FINGERPRINT check', 'Build.MANUFACTURER check']"
com.pozitron.qib-102.apk,classes5.dex,compiler,['dx']
com.pozitron.qib-102.apk,classes6.dex,compiler,['dx']
com.cibcorptoken-42201.apk,classes.dex,anti_vm,"['Build.FINGERPRINT check', 'Build.MODEL check', 'Build.MANUFACTURER check', 'Build.PRODUCT check', 'Build.HARDWARE check', 'possible Build.SERIAL check', 'Build.TAGS check']"
com.cibcorptoken-42201.apk,classes.dex,compiler,['r8']
com.sophos.sophtoken-10.apk,classes.dex,anti_vm,"['Build.HARDWARE check', 'Build.TAGS check']"
com.sophos.sophtoken-10.apk,classes.dex,compiler,['r8']
com.lpb.softotp-3.apk,classes.dex,anti_vm,"['Build.FINGERPRINT check', 'Build.MODEL check', 'Build.MANUFACTURER check', 'Build.PRODUCT check', 'Build.TAGS check', 'possible ro.secure check']"
com.lpb.softotp-3.apk,classes.dex,anti_debug,['Debug.isDebuggerConnected() check']
com.lpb.softotp-3.apk,classes.dex,compiler,['r8']
cy.com.netinfo.crdbotp-5.apk,classes.dex,anti_vm,['Build.MANUFACTURER check']
cy.com.netinfo.crdbotp-5.apk,classes.dex,compiler,['unknown (please file detection issue!)']
org.juanjcsr.newcloudotp-3.apk,classes.dex,anti_vm,"['Build.FINGERPRINT check', 'possible Build.SERIAL check']"
org.juanjcsr.newcloudotp-3.apk,classes.dex,compiler,['dx']
com.ncs.secureconnect.otp-11.apk,classes.dex,compiler,['dx (possible dexmerge)']
com.ncs.secureconnect.otp-11.apk,classes.dex,manipulator,['dexmerge']
com.rcdevs.auth-62479733.apk,classes.dex,anti_vm,"['Build.FINGERPRINT check', 'Build.MODEL check', 'Build.MANUFACTURER check', 'Build.PRODUCT check', 'Build.HARDWARE check', 'Build.BOARD check', 'possible VM check']"
com.rcdevs.auth-62479733.apk,classes.dex,compiler,['r8']
eu.netinfo.cdb.otp-9.apk,classes.dex,anti_vm,['Build.MANUFACTURER check']
eu.netinfo.cdb.otp-9.apk,classes.dex,compiler,['unknown (please file detection issue!)']
com.aircuve.airotp-16.apk,classes.dex,anti_vm,"['Build.FINGERPRINT check', 'Build.MANUFACTURER check', 'Build.BOARD check', 'possible Build.SERIAL check']"
com.aircuve.airotp-16.apk,classes.dex,compiler,['r8']
jp.konami.android.otp_token-6.apk,classes.dex,compiler,['dx']
com.pvcombank.smartotp-3.apk,classes.dex,anti_vm,"['Build.FINGERPRINT check', 'Build.MODEL check', 'Build.MANUFACTURER check', 'Build.PRODUCT check', 'Build.HARDWARE check', 'Build.BOARD check', 'possible Build.SERIAL check', 'device ID check', 'subscriber ID check', 'ro.hardware check', 'ro.product.device check', 'ro.kernel.qemu check', 'emulator file check', 'possible VM check']"
com.pvcombank.smartotp-3.apk,classes.dex,compiler,['r8']
com.pvcombank.smartotp-3.apk,classes2.dex,compiler,['r8 without marker (suspicious)']
com.dreammirae.otp.android.mirae-2.apk,classes.dex,compiler,['dx']
com.nhn.hangameotp-12.apk,/home/budi/.MobSF/uploads/e4fe8ea0c2b003a608ba1ee86081ed3f/e4fe8ea0c2b003a608ba1ee86081ed3f.apk,packer,['AppGuard (TOAST-NHNent)']
com.nhn.hangameotp-12.apk,classes.dex,anti_vm,"['Build.MANUFACTURER check', 'SIM operator check', 'network operator name check']"
com.nhn.hangameotp-12.apk,classes.dex,compiler,['dexlib 2.x']
com.u2fa.secur-3.apk,classes.dex,anti_vm,['Build.MANUFACTURER check']
com.u2fa.secur-3.apk,classes.dex,compiler,['unknown (please file detection issue!)']
com.authenticator.authservice2-55.apk,classes.dex,anti_vm,"['Build.FINGERPRINT check', 'Build.MANUFACTURER check', 'Build.HARDWARE check', 'Build.TAGS check']"
com.authenticator.authservice2-55.apk,classes.dex,compiler,['r8']
com.authenticator.authservice2-55.apk,classes2.dex,anti_vm,"['Build.FINGERPRINT check', 'Build.MODEL check', 'Build.MANUFACTURER check', 'Build.PRODUCT check', 'Build.BOARD check', 'Build.TAGS check', 'possible VM check']"
com.authenticator.authservice2-55.apk,classes2.dex,anti_debug,['Debug.isDebuggerConnected() check']
com.authenticator.authservice2-55.apk,classes2.dex,compiler,['r8 without marker (suspicious)']
com.authenticator.authservice2-55.apk,classes3.dex,compiler,['r8 without marker (suspicious)']
com.deepnet.andmob5-65.apk,classes.dex,anti_vm,"['Build.FINGERPRINT check', 'Build.MANUFACTURER check']"
com.deepnet.andmob5-65.apk,classes.dex,compiler,['r8']
com.deepnet.andmob5-65.apk,classes2.dex,compiler,['dx']
com.deepnet.andmob5-65.apk,res/raw/android_wear_micro_apk.apk!classes.dex,compiler,['r8']
sk.otp.viamo-3067.apk,classes.dex,anti_vm,"['Build.FINGERPRINT check', 'Build.MODEL check', 'Build.MANUFACTURER check', 'Build.PRODUCT check', 'Build.BOARD check', 'possible Build.SERIAL check', 'Build.TAGS check', 'possible VM check']"
sk.otp.viamo-3067.apk,classes.dex,compiler,['r8']
com.bankofamerica.authenticator-42102.apk,classes.dex,anti_vm,"['Build.FINGERPRINT check', 'Build.MODEL check', 'Build.MANUFACTURER check', 'Build.PRODUCT check', 'Build.HARDWARE check', 'possible Build.SERIAL check', 'Build.TAGS check']"
com.bankofamerica.authenticator-42102.apk,classes.dex,compiler,['r8']
tm.asmanoky.otp-2.apk,classes.dex,anti_vm,"['Build.FINGERPRINT check', 'Build.MODEL check', 'Build.MANUFACTURER check', 'Build.PRODUCT check', 'Build.HARDWARE check', 'Build.TAGS check']"
tm.asmanoky.otp-2.apk,classes.dex,anti_debug,['Debug.isDebuggerConnected() check']
tm.asmanoky.otp-2.apk,classes.dex,compiler,['r8']
com.google.android.apps.authenticator2-5000100.apk,classes.dex,anti_vm,"['Build.FINGERPRINT check', 'Build.MANUFACTURER check', 'Build.HARDWARE check', 'possible Build.SERIAL check', 'Build.TAGS check']"
com.google.android.apps.authenticator2-5000100.apk,classes.dex,compiler,['r8']
otl.snkl.SnorkelOTP-13.apk,classes.dex,anti_vm,"['Build.FINGERPRINT check', 'Build.MODEL check', 'Build.MANUFACTURER check', 'Build.PRODUCT check']"
otl.snkl.SnorkelOTP-13.apk,classes.dex,compiler,['dx']
kr.co.neople.neopleotp-36.apk,classes.dex,anti_vm,"['Build.FINGERPRINT check', 'Build.MODEL check', 'Build.MANUFACTURER check', 'Build.BRAND check', 'Build.DEVICE check', 'Build.PRODUCT check', 'network operator name check', 'possible VM check']"
kr.co.neople.neopleotp-36.apk,classes.dex,compiler,['r8']
kr.co.neople.neopleotp-36.apk,classes2.dex,anti_debug,['Debug.isDebuggerConnected() check']
kr.co.neople.neopleotp-36.apk,classes2.dex,anti_vm,"['Build.MODEL check', 'Build.MANUFACTURER check', 'Build.PRODUCT check', 'Build.TAGS check', 'possible VM check']"
kr.co.neople.neopleotp-36.apk,classes2.dex,compiler,['r8 without marker (suspicious)']
de.otp.main-2801304.apk,classes.dex,anti_vm,['Build.FINGERPRINT check']
de.otp.main-2801304.apk,classes.dex,compiler,['r8 without marker (suspicious)']
net.aftnet.OTPManager-5.apk,classes.dex,compiler,['dx']
no.buypass.mobile.bpcode.bp-20303.apk,classes.dex,anti_vm,"['Build.FINGERPRINT check', 'Build.MODEL check', 'Build.MANUFACTURER check', 'Build.PRODUCT check', 'Build.TAGS check']"
no.buypass.mobile.bpcode.bp-20303.apk,classes.dex,anti_debug,['Debug.isDebuggerConnected() check']
no.buypass.mobile.bpcode.bp-20303.apk,classes.dex,compiler,['r8']
no.buypass.mobile.bpcode.bp-20303.apk,classes2.dex,compiler,['r8']
org.liberty.android.freeotpplus-13.apk,classes.dex,anti_vm,"['Build.FINGERPRINT check', 'Build.MANUFACTURER check']"
org.liberty.android.freeotpplus-13.apk,classes.dex,compiler,['r8']
otl.snkl.HDFCSnorkelOTP-12.apk,classes.dex,anti_vm,"['Build.FINGERPRINT check', 'Build.MODEL check', 'Build.MANUFACTURER check', 'Build.PRODUCT check', 'possible Build.SERIAL check', 'Build.TAGS check', 'network operator name check']"
otl.snkl.HDFCSnorkelOTP-12.apk,classes.dex,compiler,['unknown (please file detection issue!)']
com.sitin.sitinotp-1.apk,classes.dex,compiler,['r8']
hr.asseco.android.jimba.otpretailng-112.apk,classes.dex,anti_debug,['Debug.isDebuggerConnected() check']
hr.asseco.android.jimba.otpretailng-112.apk,classes.dex,anti_vm,"['Build.MODEL check', 'Build.MANUFACTURER check', 'Build.PRODUCT check', 'Build.TAGS check']"
hr.asseco.android.jimba.otpretailng-112.apk,classes.dex,compiler,['r8 without marker (suspicious)']
com.egypt.ais.aismotp-12.apk,classes.dex,compiler,['unknown (please file detection issue!)']
com.square_enix_software_token-9.apk,classes.dex,anti_vm,"['Build.MANUFACTURER check', 'possible Build.SERIAL check']"
com.square_enix_software_token-9.apk,classes.dex,compiler,['r8 without marker (suspicious)']
net.marinits.android.droidotp-48.apk,classes.dex,compiler,['dx']
ua.com.cs.ifobs.mobile.android.otp-37.apk,classes.dex,anti_vm,['Build.MANUFACTURER check']
ua.com.cs.ifobs.mobile.android.otp-37.apk,classes.dex,compiler,['r8']
ua.com.cs.ifobs.mobile.android.otp-37.apk,classes.dex,obfuscator,['DexGuard']
ua.com.cs.ifobs.mobile.android.otp-37.apk,classes2.dex,anti_vm,"['Build.FINGERPRINT check', 'Build.MANUFACTURER check']"
ua.com.cs.ifobs.mobile.android.otp-37.apk,classes2.dex,anti_debug,['Debug.isDebuggerConnected() check']
ua.com.cs.ifobs.mobile.android.otp-37.apk,classes2.dex,compiler,['r8 without marker (suspicious)']
vn.unlimit.magicauth-11.apk,classes.dex,anti_vm,"['Build.FINGERPRINT check', 'Build.MODEL check', 'Build.MANUFACTURER check', 'Build.PRODUCT check', 'possible Build.SERIAL check']"
vn.unlimit.magicauth-11.apk,classes.dex,compiler,['r8']
vn.unlimit.magicauth-11.apk,classes2.dex,anti_vm,['Build.FINGERPRINT check']
vn.unlimit.magicauth-11.apk,classes2.dex,compiler,['r8 without marker (suspicious)']
com.CIBEgyptSecureToken-42205.apk,classes.dex,anti_vm,"['Build.FINGERPRINT check', 'Build.MODEL check', 'Build.MANUFACTURER check', 'Build.PRODUCT check', 'Build.HARDWARE check', 'possible Build.SERIAL check', 'Build.TAGS check']"
com.CIBEgyptSecureToken-42205.apk,classes.dex,compiler,['r8']
com.vtc.main.otpapp-7.apk,classes.dex,compiler,['dx']
nh.smart.signone-39.apk,classes3.dex,anti_vm,"['Build.FINGERPRINT check', 'Build.MANUFACTURER check', 'Build.BOARD check', 'SIM operator check', 'network operator name check', 'subscriber ID check']"
nh.smart.signone-39.apk,classes3.dex,compiler,['dexlib 2.x']
nh.smart.signone-39.apk,classes3.dex,obfuscator,['unreadable field names']
nh.smart.signone-39.apk,classes2.dex,compiler,['dexlib 2.x']
nh.smart.signone-39.apk,classes.dex,anti_vm,"['Build.FINGERPRINT check', 'Build.MODEL check', 'Build.MANUFACTURER check', 'Build.PRODUCT check', 'Build.HARDWARE check', 'possible Build.SERIAL check', 'Build.TAGS check', 'SIM operator check', 'network operator name check', 'device ID check', 'subscriber ID check', 'possible VM check']"
nh.smart.signone-39.apk,classes.dex,anti_debug,['Debug.isDebuggerConnected() check']
nh.smart.signone-39.apk,classes.dex,compiler,['dexlib 2.x']
nh.smart.signone-39.apk,classes.dex,obfuscator,"['unreadable field names', 'unreadable method names']"
no.SpareBank1.MobileOTP-50.apk,/home/budi/.MobSF/uploads/236d081dc4f741f56d49b0eecabcf677/236d081dc4f741f56d49b0eecabcf677.apk,obfuscator,['Obfuscator-LLVM version 3.5']
no.SpareBank1.MobileOTP-50.apk,lib/armeabi-v7a/libojacambhopop.so,obfuscator,['Obfuscator-LLVM version 3.5']
no.SpareBank1.MobileOTP-50.apk,lib/arm64-v8a/libojacambhopop.so,obfuscator,['Obfuscator-LLVM version 3.5']
no.SpareBank1.MobileOTP-50.apk,lib/x86/libojacambhopop.so,obfuscator,['Obfuscator-LLVM version 3.5']
no.SpareBank1.MobileOTP-50.apk,lib/x86_64/libojacambhopop.so,obfuscator,['Obfuscator-LLVM version 3.5']
no.SpareBank1.MobileOTP-50.apk,classes.dex,anti_vm,"['Build.FINGERPRINT check', 'Build.MANUFACTURER check', 'Build.HARDWARE check', 'possible Build.SERIAL check', 'Build.TAGS check']"
no.SpareBank1.MobileOTP-50.apk,classes.dex,anti_debug,['Debug.isDebuggerConnected() check']
no.SpareBank1.MobileOTP-50.apk,classes.dex,compiler,['dexlib 2.x']
no.SpareBank1.MobileOTP-50.apk,classes.dex,obfuscator,"['Gemalto', 'unreadable field names', 'unreadable method names']"
com.mastersam.android.mastersamotp-5.apk,classes.dex,anti_vm,"['Build.FINGERPRINT check', 'Build.MODEL check', 'Build.MANUFACTURER check', 'Build.PRODUCT check', 'Build.BOARD check']"
com.mastersam.android.mastersamotp-5.apk,classes.dex,compiler,['dx (possible dexmerge)']
com.mastersam.android.mastersamotp-5.apk,classes.dex,manipulator,['dexmerge']
token.security.m2m.com.generateotp-1.apk,classes.dex,compiler,['dx (possible dexmerge)']
token.security.m2m.com.generateotp-1.apk,classes.dex,manipulator,['dexmerge']
com.bitrixsoft.otp-4.apk,classes.dex,anti_vm,"['Build.FINGERPRINT check', 'Build.MANUFACTURER check', 'Build.BOARD check']"
com.bitrixsoft.otp-4.apk,classes.dex,compiler,['dx (possible dexmerge)']
com.bitrixsoft.otp-4.apk,classes.dex,manipulator,['dexmerge']
com.Sigma-4.apk,classes.dex,compiler,['dx (possible dexmerge)']
com.Sigma-4.apk,classes.dex,manipulator,['dexmerge']
com.BankMisrSoftToken-41809.apk,classes.dex,anti_vm,"['Build.FINGERPRINT check', 'Build.MODEL check', 'Build.MANUFACTURER check', 'Build.PRODUCT check', 'possible Build.SERIAL check']"
com.BankMisrSoftToken-41809.apk,classes.dex,compiler,['r8']
com.viafirma.otp-31.apk,classes.dex,compiler,['dx']
org.arcon.arcos.otp1-1.apk,classes.dex,compiler,['dx (possible dexmerge)']
org.arcon.arcos.otp1-1.apk,classes.dex,manipulator,['dexmerge']
eu.sia.siaotp-8.apk,classes.dex,anti_vm,"['Build.FINGERPRINT check', 'Build.MODEL check', 'Build.MANUFACTURER check', 'Build.PRODUCT check']"
eu.sia.siaotp-8.apk,classes.dex,compiler,['dx']
kr.kjun.NaverSetup-13.apk,classes.dex,anti_vm,"['Build.FINGERPRINT check', 'Build.MODEL check', 'Build.MANUFACTURER check', 'Build.DEVICE check', 'Build.PRODUCT check']"
kr.kjun.NaverSetup-13.apk,classes.dex,compiler,['dx']
br.com.voegol.tokenagenciasgol-2.apk,classes.dex,anti_vm,"['Build.FINGERPRINT check', 'Build.MODEL check', 'Build.MANUFACTURER check', 'Build.PRODUCT check', 'network operator name check']"
br.com.voegol.tokenagenciasgol-2.apk,classes.dex,compiler,['dx']
br.com.voegol.tokenagenciasgol-2.apk,classes2.dex,anti_vm,"['Build.MODEL check', 'Build.MANUFACTURER check', 'Build.PRODUCT check', 'Build.BOARD check', 'possible Build.SERIAL check', 'Build.TAGS check']"
br.com.voegol.tokenagenciasgol-2.apk,classes2.dex,compiler,['dx']
com.techcombank.stk.corp-39.apk,/home/budi/.MobSF/uploads/e43eaf3949420760ab9008e58f4e1fcb/e43eaf3949420760ab9008e58f4e1fcb.apk,obfuscator,['Gemalto']
com.techcombank.stk.corp-39.apk,classes.dex,anti_vm,"['Build.FINGERPRINT check', 'Build.MODEL check', 'Build.MANUFACTURER check', 'Build.PRODUCT check', 'Build.TAGS check', 'subscriber ID check']"
com.techcombank.stk.corp-39.apk,classes.dex,anti_debug,['Debug.isDebuggerConnected() check']
com.techcombank.stk.corp-39.apk,classes.dex,compiler,['r8']
com.techcombank.stk.corp-39.apk,classes.dex,obfuscator,"['unreadable field names', 'unreadable method names']"
com.ftsafe.otp.activity-12.apk,/home/budi/.MobSF/uploads/e442ad8f929dfc6c8d8bb4ee6a9685cc/e442ad8f929dfc6c8d8bb4ee6a9685cc.apk,packer,"[""Tencent's Legu""]"
com.ftsafe.otp.activity-12.apk,classes.dex,anti_disassembly,"['non-zero link size', 'non-zero link offset']"
com.ftsafe.otp.activity-12.apk,classes.dex,packer,['Mobile Tencent Protect']
com.ftsafe.otp.activity-12.apk,classes.dex,compiler,['dexlib 2.x']
vietcombank.itcenter.vcbsmartoptv10-45.apk,/home/budi/.MobSF/uploads/5de539b3f985c916ccf22518d9b4a64c/5de539b3f985c916ccf22518d9b4a64c.apk,obfuscator,['Obfuscator-LLVM version 3.5']
vietcombank.itcenter.vcbsmartoptv10-45.apk,lib/armeabi-v7a/libkcjnanliinlo.so,obfuscator,['Obfuscator-LLVM version 3.5']
vietcombank.itcenter.vcbsmartoptv10-45.apk,lib/x86/libkcjnanliinlo.so,obfuscator,['Obfuscator-LLVM version 3.5']
vietcombank.itcenter.vcbsmartoptv10-45.apk,lib/x86_64/libkcjnanliinlo.so,obfuscator,['Obfuscator-LLVM version 3.5']
vietcombank.itcenter.vcbsmartoptv10-45.apk,lib/arm64-v8a/libkcjnanliinlo.so,obfuscator,['Obfuscator-LLVM version 3.5']
vietcombank.itcenter.vcbsmartoptv10-45.apk,classes.dex,anti_vm,"['Build.FINGERPRINT check', 'Build.MODEL check', 'Build.MANUFACTURER check', 'Build.PRODUCT check', 'possible Build.SERIAL check', 'possible VM check']"
vietcombank.itcenter.vcbsmartoptv10-45.apk,classes.dex,anti_debug,['Debug.isDebuggerConnected() check']
vietcombank.itcenter.vcbsmartoptv10-45.apk,classes.dex,compiler,['dexlib 2.x']
vietcombank.itcenter.vcbsmartoptv10-45.apk,classes.dex,obfuscator,"['unreadable field names', 'unreadable method names']"
vietcombank.itcenter.vcbsmartoptv10-45.apk,classes2.dex,anti_vm,"['possible Build.SERIAL check', 'possible VM check']"
vietcombank.itcenter.vcbsmartoptv10-45.apk,classes2.dex,compiler,['dexlib 2.x']
com.cbcapp.otp.activity-1.apk,classes.dex,anti_vm,['subscriber ID check']
com.cbcapp.otp.activity-1.apk,classes.dex,compiler,['dx']
de.sbeh.rdp_otp-4.apk,classes.dex,compiler,['r8']
it.netknights.piauthenticator-300008.apk,classes.dex,anti_vm,"['Build.FINGERPRINT check', 'Build.MANUFACTURER check']"
it.netknights.piauthenticator-300008.apk,classes.dex,compiler,['r8']
com.mdmobiasbancadigipass-42211.apk,classes.dex,anti_vm,"['Build.FINGERPRINT check', 'Build.MODEL check', 'Build.MANUFACTURER check', 'Build.PRODUCT check', 'Build.HARDWARE check', 'possible Build.SERIAL check', 'Build.TAGS check']"
com.mdmobiasbancadigipass-42211.apk,classes.dex,compiler,['r8']
hr.asseco.android.otp-9.apk,classes.dex,anti_vm,"['Build.FINGERPRINT check', 'Build.MODEL check', 'Build.MANUFACTURER check', 'Build.PRODUCT check', 'network operator name check']"
hr.asseco.android.otp-9.apk,classes.dex,compiler,['dx']
com.azure.authenticator-202107621.apk,classes.dex,anti_vm,"['Build.FINGERPRINT check', 'Build.MODEL check', 'Build.MANUFACTURER check', 'Build.PRODUCT check', 'possible Build.SERIAL check', 'Build.TAGS check']"
com.azure.authenticator-202107621.apk,classes.dex,compiler,['r8']
com.azure.authenticator-202107621.apk,classes2.dex,anti_vm,"['Build.FINGERPRINT check', 'Build.MODEL check', 'Build.MANUFACTURER check', 'possible Build.SERIAL check', 'network operator name check']"
com.azure.authenticator-202107621.apk,classes2.dex,compiler,['r8 without marker (suspicious)']
com.azure.authenticator-202107621.apk,classes3.dex,anti_vm,"['Build.FINGERPRINT check', 'Build.MANUFACTURER check', 'Build.BOARD check', 'possible Build.SERIAL check']"
com.azure.authenticator-202107621.apk,classes3.dex,anti_debug,['Debug.isDebuggerConnected() check']
com.azure.authenticator-202107621.apk,classes3.dex,compiler,['r8 without marker (suspicious)']
com.azure.authenticator-202107621.apk,classes4.dex,anti_vm,"['Build.FINGERPRINT check', 'Build.MANUFACTURER check', 'Build.BOARD check']"
com.azure.authenticator-202107621.apk,classes4.dex,compiler,['r8 without marker (suspicious)']
com.nof.makanoh.openkeypos-4.apk,classes.dex,anti_vm,"['Build.FINGERPRINT check', 'Build.MODEL check', 'Build.MANUFACTURER check', 'Build.DEVICE check']"
com.nof.makanoh.openkeypos-4.apk,classes.dex,compiler,['r8']
com18deglab.cylocklite-32.apk,classes.dex,compiler,['dx']
com.namirial.android.virtualotp-62.apk,classes.dex,anti_disassembly,['illegal class name']
com.namirial.android.virtualotp-62.apk,classes.dex,anti_vm,"['Build.FINGERPRINT check', 'Build.MODEL check', 'Build.MANUFACTURER check', 'Build.PRODUCT check', 'Build.HARDWARE check', 'Build.TAGS check', 'possible VM check']"
com.namirial.android.virtualotp-62.apk,classes.dex,anti_debug,['Debug.isDebuggerConnected() check']
com.namirial.android.virtualotp-62.apk,classes.dex,compiler,['r8']
com.namirial.android.virtualotp-62.apk,classes.dex,obfuscator,['DexGuard']
com.isprint.SWIFTToken-9.apk,classes.dex,compiler,['dx']
com.isprint.SWIFTToken-9.apk,lib/armeabi/libmap.so,anti_vm,['emulator file check']
com.eset.esa-200522.apk,classes.dex,compiler,['dx']
com.egypt.ais.masriacard.mcmotp-1.apk,classes.dex,anti_vm,"['Build.HARDWARE check', 'Build.TAGS check']"
com.egypt.ais.masriacard.mcmotp-1.apk,classes.dex,compiler,['unknown (please file detection issue!)']
com.canopus.otpmacgenerator-10.apk,classes.dex,anti_vm,"['Build.FINGERPRINT check', 'Build.MODEL check', 'Build.MANUFACTURER check', 'Build.PRODUCT check', 'Build.BOARD check']"
com.canopus.otpmacgenerator-10.apk,classes.dex,compiler,['dx (possible dexmerge)']
com.canopus.otpmacgenerator-10.apk,classes.dex,manipulator,['dexmerge']
com.LuxTrustMobile-26863974.apk,/home/budi/.MobSF/uploads/71af654b3de70b8cecc60d4f7e7db5e5/71af654b3de70b8cecc60d4f7e7db5e5.apk,obfuscator,['Obfuscator-LLVM version 3.5']
com.LuxTrustMobile-26863974.apk,lib/arm64-v8a/liboehadnbnoemb.so,obfuscator,['Obfuscator-LLVM version 3.5']
com.LuxTrustMobile-26863974.apk,classes.dex,anti_vm,"['Build.MANUFACTURER check', 'possible Build.SERIAL check', 'possible VM check']"
com.LuxTrustMobile-26863974.apk,classes.dex,compiler,['dexlib 2.x']
com.LuxTrustMobile-26863974.apk,classes.dex,obfuscator,"['unreadable field names', 'unreadable method names']"
com.LuxTrustMobile-26863974.apk,lib/armeabi-v7a/liboehadnbnoemb.so,obfuscator,['Obfuscator-LLVM version 3.5']
com.LuxTrustMobile-26863974.apk,classes4.dex,compiler,['dexlib 2.x']
com.LuxTrustMobile-26863974.apk,classes2.dex,anti_vm,"['Build.FINGERPRINT check', 'Build.MODEL check', 'Build.MANUFACTURER check', 'Build.PRODUCT check', 'Build.TAGS check', 'possible VM check']"
com.LuxTrustMobile-26863974.apk,classes2.dex,anti_debug,['Debug.isDebuggerConnected() check']
com.LuxTrustMobile-26863974.apk,classes2.dex,compiler,['dexlib 2.x']
com.LuxTrustMobile-26863974.apk,classes3.dex,compiler,['dexlib 2.x']
com.ideasventure.otptoken-1.apk,classes.dex,compiler,['dx']
com.kienlongbank.etoken-1.apk,classes.dex,anti_disassembly,['illegal class name']
com.kienlongbank.etoken-1.apk,classes.dex,anti_vm,"['Build.FINGERPRINT check', 'Build.MODEL check', 'Build.MANUFACTURER check', 'Build.PRODUCT check', 'Build.TAGS check', 'network operator name check', 'possible ro.secure check']"
com.kienlongbank.etoken-1.apk,classes.dex,compiler,['dx']
kr.or.kftc.fsc-22.apk,classes.dex,anti_vm,"['Build.FINGERPRINT check', 'Build.MODEL check', 'Build.MANUFACTURER check', 'Build.PRODUCT check', 'Build.HARDWARE check', 'Build.BOARD check', 'possible Build.SERIAL check', 'Build.TAGS check', 'possible VM check']"
kr.or.kftc.fsc-22.apk,classes.dex,anti_debug,['Debug.isDebuggerConnected() check']
kr.or.kftc.fsc-22.apk,classes.dex,compiler,['dexlib 2.x']
kr.or.kftc.fsc-22.apk,classes.dex,obfuscator,['unreadable method names']
kr.or.kftc.fsc-22.apk,assets/.79e3c56b413c45327dab411322609ed4.dex,anti_disassembly,"['non-zero link size', 'non-zero link offset']"
kr.or.kftc.fsc-22.apk,assets/.79e3c56b413c45327dab411322609ed4.dex,compiler,['unknown (please file detection issue!)']
vn.savis.smartid-1.apk,classes.dex,anti_vm,"['Build.FINGERPRINT check', 'Build.MANUFACTURER check', 'Build.BOARD check']"
vn.savis.smartid-1.apk,classes.dex,compiler,['r8']
com.sbi.SBISecure-19.apk,/home/budi/.MobSF/uploads/6c614fa31b8ede2fe85234e73b312978/6c614fa31b8ede2fe85234e73b312978.apk,packer,['Kony']
com.sbi.SBISecure-19.apk,classes.dex,anti_vm,"['Build.FINGERPRINT check', 'Build.MANUFACTURER check', 'Build.BOARD check', 'possible Build.SERIAL check', 'possible ro.secure check']"
com.sbi.SBISecure-19.apk,classes.dex,compiler,['r8 without marker (suspicious)']
com.sbi.SBISecure-19.apk,classes.dex,obfuscator,"['unreadable field names', 'unreadable method names']"
com.sbi.SBISecure-19.apk,lib/armeabi-v7a/libkonyjsvm.so,obfuscator,['Arxan']
com.khla.otpapp.callhttpclient-9.apk,classes.dex,anti_vm,"['Build.MANUFACTURER check', 'possible Build.SERIAL check']"
com.khla.otpapp.callhttpclient-9.apk,classes.dex,compiler,['dx']
com.dreammirae.otp.android.mirae.multiid.market-29.apk,classes.dex,anti_vm,"['Build.FINGERPRINT check', 'Build.MODEL check', 'Build.MANUFACTURER check', 'Build.PRODUCT check', 'Build.BOARD check', 'Build.TAGS check']"
com.dreammirae.otp.android.mirae.multiid.market-29.apk,classes.dex,anti_debug,['Debug.isDebuggerConnected() check']
com.dreammirae.otp.android.mirae.multiid.market-29.apk,classes.dex,compiler,['r8']
com.vietinbank.softotp-2.apk,classes.dex,anti_debug,['Debug.isDebuggerConnected() check']
com.vietinbank.softotp-2.apk,classes.dex,anti_vm,"['Build.MODEL check', 'Build.MANUFACTURER check', 'Build.PRODUCT check', 'Build.HARDWARE check', 'Build.TAGS check', 'possible ro.secure check']"
com.vietinbank.softotp-2.apk,classes.dex,compiler,['unknown (please file detection issue!)']
it.previnet.authenticator-32.apk,classes.dex,anti_vm,"['Build.FINGERPRINT check', 'Build.MODEL check', 'Build.MANUFACTURER check', 'Build.PRODUCT check', 'Build.TAGS check', 'possible VM check']"
it.previnet.authenticator-32.apk,classes.dex,anti_debug,['Debug.isDebuggerConnected() check']
it.previnet.authenticator-32.apk,classes.dex,compiler,['r8']
com.aff.otpdirekt-20210125.apk,classes.dex,anti_vm,"['Build.FINGERPRINT check', 'Build.MODEL check', 'Build.MANUFACTURER check', 'Build.PRODUCT check', 'possible Build.SERIAL check', 'possible VM check']"
com.aff.otpdirekt-20210125.apk,classes.dex,compiler,['r8']
com.aff.otpdirekt-20210125.apk,classes2.dex,anti_vm,"['Build.FINGERPRINT check', 'Build.MODEL check', 'Build.MANUFACTURER check', 'Build.PRODUCT check', 'Build.TAGS check', 'SIM operator check', 'network operator name check', 'possible ro.secure check', 'possible VM check']"
com.aff.otpdirekt-20210125.apk,classes2.dex,compiler,['r8 without marker (suspicious)']
com.ncb.bank.otp-4.apk,classes.dex,anti_vm,"['Build.MANUFACTURER check', 'Build.TAGS check', 'possible ro.secure check']"
com.ncb.bank.otp-4.apk,classes.dex,compiler,['r8']
it.aruba.pec.mobile.otpfvg-512.apk,classes.dex,anti_vm,"['Build.FINGERPRINT check', 'Build.MODEL check', 'Build.MANUFACTURER check', 'Build.PRODUCT check', 'Build.HARDWARE check', 'Build.TAGS check']"
it.aruba.pec.mobile.otpfvg-512.apk,classes.dex,anti_debug,['Debug.isDebuggerConnected() check']
it.aruba.pec.mobile.otpfvg-512.apk,classes.dex,compiler,['r8']
iSec.Authenticator-15.apk,classes.dex,anti_vm,"['Build.MODEL check', 'Build.MANUFACTURER check', 'network operator name check']"
iSec.Authenticator-15.apk,classes.dex,compiler,['dx']
vn.funtap.smartotp-3.apk,classes.dex,anti_vm,"['Build.FINGERPRINT check', 'Build.MANUFACTURER check', 'Build.TAGS check']"
vn.funtap.smartotp-3.apk,classes.dex,compiler,['r8']
vn.funtap.smartotp-3.apk,classes2.dex,anti_vm,"['Build.FINGERPRINT check', 'Build.MANUFACTURER check', 'Build.BOARD check', 'possible Build.SERIAL check']"
vn.funtap.smartotp-3.apk,classes2.dex,compiler,['r8 without marker (suspicious)']
org.arcon.pam.otp-14.apk,classes.dex,compiler,['unknown (please file detection issue!)']
com.qrail.token-5.apk,classes.dex,anti_vm,"['Build.FINGERPRINT check', 'Build.MODEL check', 'Build.MANUFACTURER check', 'Build.PRODUCT check', 'Build.HARDWARE check', 'Build.BOARD check', 'possible Build.SERIAL check', 'Build.TAGS check', 'ro.hardware check', 'ro.product.device check', 'ro.kernel.qemu check', 'emulator file check']"
com.qrail.token-5.apk,classes.dex,anti_debug,['Debug.isDebuggerConnected() check']
com.qrail.token-5.apk,classes.dex,compiler,['dx']
com.qrail.token-5.apk,classes.dex,obfuscator,['DexGuard']
com.netfiles.netfilesotp-5.apk,classes.dex,compiler,['r8 without marker (suspicious)']
org.cry.otp-22.apk,classes.dex,anti_vm,"['Build.FINGERPRINT check', 'Build.MANUFACTURER check']"
org.cry.otp-22.apk,classes.dex,compiler,['r8']
com.scrignosa-2011241671.apk,classes.dex,anti_vm,"['Build.FINGERPRINT check', 'Build.MANUFACTURER check', 'possible Build.SERIAL check', 'Build.TAGS check']"
com.scrignosa-2011241671.apk,classes.dex,compiler,['r8']
com.atsolution.android.bcotp-19.apk,classes.dex,compiler,['r8']
br.gov.caixa.codigocaixa-27.apk,classes.dex,compiler,['r8 without marker (suspicious)']
com.hpe.icewall.smartotp-2.apk,classes.dex,compiler,['r8']
com.sbi.SBIFreedomPlus-105.apk,/home/budi/.MobSF/uploads/af7c259fdefcb9eefeb8a24f667d2b48/af7c259fdefcb9eefeb8a24f667d2b48.apk,packer,['Kony']
com.sbi.SBIFreedomPlus-105.apk,classes.dex,anti_vm,"['Build.FINGERPRINT check', 'Build.MODEL check', 'Build.MANUFACTURER check', 'Build.PRODUCT check', 'Build.BOARD check', 'possible Build.SERIAL check', 'device ID check', 'possible ro.secure check']"
com.sbi.SBIFreedomPlus-105.apk,classes.dex,compiler,['dx']
com.sbi.SBIFreedomPlus-105.apk,classes.dex,obfuscator,"['unreadable field names', 'unreadable method names']"
com.sbi.SBIFreedomPlus-105.apk,classes2.dex,compiler,['dx']
com.sbi.SBIFreedomPlus-105.apk,res/raw/wear.apk!classes.dex,compiler,['r8']
com.mollatech.android.apps.authenticators-74.apk,classes.dex,compiler,['r8']
